id_minifig,nom,gamme,image_ref
sw1126,Labria ,sw,https://img.bricklink.com/ItemImage/MN/0/sw1126.png
sw1386,Kithaba,sw,https://img.bricklink.com/ItemImage/MN/0/sw1386.png
sw0001a,Droïde de Combat - 2 bras angulaires avec mains horizontales et une plate 1x2 dans le dos,sw,https://img.bricklink.com/ItemImage/MN/0/sw0001a.png
sw0001c,Droïde de Combat - 1 bras droit avec main verticale et 1 bras angulaire avec main horizontale,sw,https://img.bricklink.com/ItemImage/MN/0/sw0001c.png
sw0001d,Droïde de Combat - 2 bras droits avec mains verticales,sw,https://img.bricklink.com/ItemImage/MN/0/sw0001d.png
sw0011a,Chewbacca,sw,https://img.bricklink.com/ItemImage/MN/0/sw0011a.png
sw0092,Super Droïde de Combat,sw,https://img.bricklink.com/ItemImage/MN/0/sw0092.png
sw0217,R2-D2 (Droïde Astromechano),sw,https://img.bricklink.com/ItemImage/MN/0/sw0217.png
sw0236,Chef Chirpa (Ewok),sw,https://img.bricklink.com/ItemImage/MN/0/sw0236.png
sw0300,Droïde de Combat Pilote,sw,https://img.bricklink.com/ItemImage/MN/0/sw0300.png
sw0338,Logray (Ewok),sw,https://img.bricklink.com/ItemImage/MN/0/sw0338.png
sw0365,C-3PO (Droïde de Protocole),sw,https://img.bricklink.com/ItemImage/MN/0/sw0365.png
sw0366,Stormtrooper Impérial - homme blanc avec cagoule,sw,https://img.bricklink.com/ItemImage/MN/0/sw0366.png
sw0367,Commando Rebel,sw,https://img.bricklink.com/ItemImage/MN/0/sw0367.png
sw0373,R5-D8 / R5-D4 (Droïde Astromechano),sw,https://img.bricklink.com/ItemImage/MN/0/sw0373.png
sw0415,Droïde de Combat Commandant,sw,https://img.bricklink.com/ItemImage/MN/0/sw0415.png
sw0451,Han Solo (version Endor),sw,https://img.bricklink.com/ItemImage/MN/0/sw0451.png
sw0486,Max Rebo,sw,https://img.bricklink.com/ItemImage/MN/0/sw0486.png
sw0488,Anakin Skywalker (padawan),sw,https://img.bricklink.com/ItemImage/MN/0/sw0488.png
sw0489,Obi-Wan Kenobi - version L'Attaque des Clones,sw,https://img.bricklink.com/ItemImage/MN/0/sw0489.png
sw0490,Padmé Amidala (version bataille de Géonosis),sw,https://img.bricklink.com/ItemImage/MN/0/sw0490.png
sw0491,Clone Pilote (Phase 1),sw,https://img.bricklink.com/ItemImage/MN/0/sw0491.png
sw0492,Capitaine Clone (Phase 1),sw,https://img.bricklink.com/ItemImage/MN/0/sw0492.png
sw0504,Princesse Leia - version village Ewok,sw,https://img.bricklink.com/ItemImage/MN/0/sw0504.png
sw0505,Scout Trooper Impérial,sw,https://img.bricklink.com/ItemImage/MN/0/sw0505.png
sw0508,Guerrier Ewok,sw,https://img.bricklink.com/ItemImage/MN/0/sw0508.png
sw0509,Luke Skywalker (chevalier Jedi),sw,https://img.bricklink.com/ItemImage/MN/0/sw0509.png
sw0510,Teebo (Ewok),sw,https://img.bricklink.com/ItemImage/MN/0/sw0510.png
sw0511,Commando Rebel,sw,https://img.bricklink.com/ItemImage/MN/0/sw0511.png
sw0512,R2-D2 (Droïde Astromechano),sw,https://img.bricklink.com/ItemImage/MN/0/sw0512.png
sw0513,Wicket (Ewok),sw,https://img.bricklink.com/ItemImage/MN/0/sw0513.png
sw0515,Général Grievous,sw,https://img.bricklink.com/ItemImage/MN/0/sw0515.png
sw0518,Clone Scout Trooper du 41ème Corps d'Élite,sw,https://img.bricklink.com/ItemImage/MN/0/sw0518.png
sw0519,Clone Scout Trooper du 41ème Corps d'Élite,sw,https://img.bricklink.com/ItemImage/MN/0/sw0519.png
sw0521,Garde Royal (Garde Rouge),sw,https://img.bricklink.com/ItemImage/MN/0/sw0521.png
sw0521b,Garde Royal (Garde Rouge),sw,https://img.bricklink.com/ItemImage/MN/0/sw0521b.png
sw0527,R2-D2 (Droïde Astromechano),sw,https://img.bricklink.com/ItemImage/MN/0/sw0527.png
sw0527a,R2-D2 (Droïde Astromechano),sw,https://img.bricklink.com/ItemImage/MN/0/sw0527a.png
sw0528,Commandant Gree,sw,https://img.bricklink.com/ItemImage/MN/0/sw0528.png
sw0530,Chef Tarfful,sw,https://img.bricklink.com/ItemImage/MN/0/sw0530.png
sw0532,Chewbacca,sw,https://img.bricklink.com/ItemImage/MN/0/sw0532.png
sw0550,Droïde Treadwell,sw,https://img.bricklink.com/ItemImage/MN/0/sw0550.png
sw0551,Luke Skywalker - version Un Nouvel Espoir,sw,https://img.bricklink.com/ItemImage/MN/0/sw0551.png
sw0552,Obi-Wan Kenobi (vieux),sw,https://img.bricklink.com/ItemImage/MN/0/sw0552.png
sw0554,Musicien Bith,sw,https://img.bricklink.com/ItemImage/MN/0/sw0554.png
sw0555,R2-A5 (Droïde Astromechano),sw,https://img.bricklink.com/ItemImage/MN/0/sw0555.png
sw0559,Owen Lars,sw,https://img.bricklink.com/ItemImage/MN/0/sw0559.png
sw0560,Jawa,sw,https://img.bricklink.com/ItemImage/MN/0/sw0560.png
sw0561,C-3PO (Droïde de Protocole),sw,https://img.bricklink.com/ItemImage/MN/0/sw0561.png
sw0562,Droïde Gonk,sw,https://img.bricklink.com/ItemImage/MN/0/sw0562.png
sw0568,Snowtrooper - homme blanc,sw,https://img.bricklink.com/ItemImage/MN/0/sw0568.png
sw0585,Stormtrooper Impérial - homme blanc,sw,https://img.bricklink.com/ItemImage/MN/0/sw0585.png
sw0587,Mini Droïde Treadwell,sw,https://img.bricklink.com/ItemImage/MN/0/sw0587.png
sw0589,R1-G4 (Droïde Astromechano),sw,https://img.bricklink.com/ItemImage/MN/0/sw0589.png
sw0590,Jawa,sw,https://img.bricklink.com/ItemImage/MN/0/sw0590.png
sw0592,Obi-Wan Kenobi (padawan),sw,https://img.bricklink.com/ItemImage/MN/0/sw0592.png
sw0605,Clone Trooper Aéroporté de Géonosis (Phase 3),sw,https://img.bricklink.com/ItemImage/MN/0/sw0605.png
sw0606,Clone Trooper de Géonosis (Phase 2),sw,https://img.bricklink.com/ItemImage/MN/0/sw0606.png
sw0610,Boba Fett,sw,https://img.bricklink.com/ItemImage/MN/0/sw0610.png
sw0611,Garde de Bespin,sw,https://img.bricklink.com/ItemImage/MN/0/sw0611.png
sw0612,Han Solo (s'appretant à être congelé dans la carbonite),sw,https://img.bricklink.com/ItemImage/MN/0/sw0612.png
sw0620,Pillard Tusken (Homme des Sables),sw,https://img.bricklink.com/ItemImage/MN/0/sw0620.png
sw0628,Guerrier Gungan,sw,https://img.bricklink.com/ItemImage/MN/0/sw0628.png
sw0629,Lieutenant Clone (Phase 1),sw,https://img.bricklink.com/ItemImage/MN/0/sw0629.png
sw0632,Pilote de Chasseur TIE - homme blanc,sw,https://img.bricklink.com/ItemImage/MN/0/sw0632.png
sw0634,Dark Sidious (L'Empereur),sw,https://img.bricklink.com/ItemImage/MN/0/sw0634.png
sw0634a,Dark Sidious (Empereur Palpatine),sw,https://img.bricklink.com/ItemImage/MN/0/sw0634a.png
sw0635,Luke Skywalker (chevalier Jedi),sw,https://img.bricklink.com/ItemImage/MN/0/sw0635.png
sw0636,Dark Vador,sw,https://img.bricklink.com/ItemImage/MN/0/sw0636.png
sw0636b,Dark Vador,sw,https://img.bricklink.com/ItemImage/MN/0/sw0636b.png
sw0640,Anakin Skywalker (enfant),sw,https://img.bricklink.com/ItemImage/MN/0/sw0640.png
sw0641,Pilote de Chasseur Noubien,sw,https://img.bricklink.com/ItemImage/MN/0/sw0641.png
sw0642,Droïdeka,sw,https://img.bricklink.com/ItemImage/MN/0/sw0642.png
sw0643,Princesse Leia (version commando rebelle),sw,https://img.bricklink.com/ItemImage/MN/0/sw0643.png
sw0644,Han Solo (version commando rebel),sw,https://img.bricklink.com/ItemImage/MN/0/sw0644.png
sw0645,Commando Rebel,sw,https://img.bricklink.com/ItemImage/MN/0/sw0645.png
sw0646,Commando Rebel,sw,https://img.bricklink.com/ItemImage/MN/0/sw0646.png
sw0649,Watto,sw,https://img.bricklink.com/ItemImage/MN/0/sw0649.png
sw0650,Dark Maul,sw,https://img.bricklink.com/ItemImage/MN/0/sw0650.png
sw0651,Qui-Gon Jinn,sw,https://img.bricklink.com/ItemImage/MN/0/sw0651.png
sw0652,DRK-1 (Droïde Sonde de Dark Maul),sw,https://img.bricklink.com/ItemImage/MN/0/sw0652.png
sw0678,Soldat Rebel de Hoth,sw,https://img.bricklink.com/ItemImage/MN/0/sw0678.png
sw0700,C-3PO (Droïde de Protocole),sw,https://img.bricklink.com/ItemImage/MN/0/sw0700.png
sw0704,Obi-Wan Kenobi - version La Revanche des Siths,sw,https://img.bricklink.com/ItemImage/MN/0/sw0704.png
sw0706,R4-P17 (Droïde Astromechano),sw,https://img.bricklink.com/ItemImage/MN/0/sw0706.png
sw0707,Yoda,sw,https://img.bricklink.com/ItemImage/MN/0/sw0707.png
sw0708,Soldat Rebel de Hoth,sw,https://img.bricklink.com/ItemImage/MN/0/sw0708.png
sw0709,Han Solo (version Hoth) - avec parka,sw,https://img.bricklink.com/ItemImage/MN/0/sw0709.png
sw0710,Ugnaught,sw,https://img.bricklink.com/ItemImage/MN/0/sw0710.png
sw0711,Boba Fett,sw,https://img.bricklink.com/ItemImage/MN/0/sw0711.png
sw0712,Droïde Sonde Impérial,sw,https://img.bricklink.com/ItemImage/MN/0/sw0712.png
sw0714,Han Solo (s'appretant à être congelé dans la carbonite),sw,https://img.bricklink.com/ItemImage/MN/0/sw0714.png
sw0724,R3-A2 (Droïde Astromechano),sw,https://img.bricklink.com/ItemImage/MN/0/sw0724.png
sw0725,K-3PO,sw,https://img.bricklink.com/ItemImage/MN/0/sw0725.png
sw0726,Toryn Farr,sw,https://img.bricklink.com/ItemImage/MN/0/sw0726.png
sw0727,Han Solo (version Hoth),sw,https://img.bricklink.com/ItemImage/MN/0/sw0727.png
sw0728,Officier Rebel de Hoth,sw,https://img.bricklink.com/ItemImage/MN/0/sw0728.png
sw0729,Wes Janson,sw,https://img.bricklink.com/ItemImage/MN/0/sw0729.png
sw0730,Wedge Antilles,sw,https://img.bricklink.com/ItemImage/MN/0/sw0730.png
sw0731,Luke Skywalker (version Hoth),sw,https://img.bricklink.com/ItemImage/MN/0/sw0731.png
sw0734,Soldat Rebel de Hoth,sw,https://img.bricklink.com/ItemImage/MN/0/sw0734.png
sw0735,Soldat Rebel de Hoth,sw,https://img.bricklink.com/ItemImage/MN/0/sw0735.png
sw0736,Soldat Rebel de Hoth,sw,https://img.bricklink.com/ItemImage/MN/0/sw0736.png
sw0741,Grand Moff Wilhuff Tarkan,sw,https://img.bricklink.com/ItemImage/MN/0/sw0741.png
sw0742,Sabine Wren,sw,https://img.bricklink.com/ItemImage/MN/0/sw0742.png
sw0743,Pilote Rebelle de A-Wing,sw,https://img.bricklink.com/ItemImage/MN/0/sw0743.png
sw0744,Dark Vador,sw,https://img.bricklink.com/ItemImage/MN/0/sw0744.png
sw0745,Luminara Unduli,sw,https://img.bricklink.com/ItemImage/MN/0/sw0745.png
sw0746,Quinlan Vos,sw,https://img.bricklink.com/ItemImage/MN/0/sw0746.png
sw0762,Garde de Bespin,sw,https://img.bricklink.com/ItemImage/MN/0/sw0762.png
sw0771,Han Solo - version Un Nouvel Espoir,sw,https://img.bricklink.com/ItemImage/MN/0/sw0771.png
sw0778,Luke Skywalker - version Un Nouvel Espoir,sw,https://img.bricklink.com/ItemImage/MN/0/sw0778.png
sw0783,Baze Malbus,sw,https://img.bricklink.com/ItemImage/MN/0/sw0783.png
sw0784,Soldat Rebel (Lieutenant Sefla),sw,https://img.bricklink.com/ItemImage/MN/0/sw0784.png
sw0793,Pilote Rebel de U-Wing / Y-Wing,sw,https://img.bricklink.com/ItemImage/MN/0/sw0793.png
sw0797,Pilote de TR-TT Impérial,sw,https://img.bricklink.com/ItemImage/MN/0/sw0797.png
sw0802,Pilote de Navette Impériale,sw,https://img.bricklink.com/ItemImage/MN/0/sw0802.png
sw0808,Dark Maul,sw,https://img.bricklink.com/ItemImage/MN/0/sw0808.png
sw0809,R3-S1 (Droïde Astromechano),sw,https://img.bricklink.com/ItemImage/MN/0/sw0809.png
sw0810,Qui-Gon Jinn,sw,https://img.bricklink.com/ItemImage/MN/0/sw0810.png
sw0812,Obi-Wan Kenobi (padawan),sw,https://img.bricklink.com/ItemImage/MN/0/sw0812.png
sw0816,Amiral Raddus,sw,https://img.bricklink.com/ItemImage/MN/0/sw0816.png
sw0818,Lando Calrissian,sw,https://img.bricklink.com/ItemImage/MN/0/sw0818.png
sw0819,Pilote Rebel de A-Wing (Jake Farrell),sw,https://img.bricklink.com/ItemImage/MN/0/sw0819.png
sw0820,Personnel au Sol Rebel,sw,https://img.bricklink.com/ItemImage/MN/0/sw0820.png
sw0821,Rintel Aren (Garde de Jabba),sw,https://img.bricklink.com/ItemImage/MN/0/sw0821.png
sw0822,Boba Fett,sw,https://img.bricklink.com/ItemImage/MN/0/sw0822.png
sw0823,Han Solo (s'appretant à être congelé dans la carbonite),sw,https://img.bricklink.com/ItemImage/MN/0/sw0823.png
sw0824,Moroff,sw,https://img.bricklink.com/ItemImage/MN/0/sw0824.png
sw0826,Pilote de Snowspeeder Zev Senesca,sw,https://img.bricklink.com/ItemImage/MN/0/sw0826.png
sw0827,Pilote de Snowspeeder Will Scotian (tireur),sw,https://img.bricklink.com/ItemImage/MN/0/sw0827.png
sw0829,Dark Vador (blessé sur Mustafar),sw,https://img.bricklink.com/ItemImage/MN/0/sw0829.png
sw0830,4-LOM,sw,https://img.bricklink.com/ItemImage/MN/0/sw0830.png
sw0831,IG-88 (Droïde Assassin),sw,https://img.bricklink.com/ItemImage/MN/0/sw0831a.png
sw0833,Aayla Secura,sw,https://img.bricklink.com/ItemImage/MN/0/sw0833.png
sw0834,Dark Vador - version La Revanche des Siths,sw,https://img.bricklink.com/ItemImage/MN/0/sw0834.png
sw0835,DD-13 (Droïde Assistant Médical),sw,https://img.bricklink.com/ItemImage/MN/0/sw0835.png
sw0836,FX-9 (Droïde Assistant Chirurgical),sw,https://img.bricklink.com/ItemImage/MN/0/sw0836.png
sw0837,Clone Artilleur,sw,https://img.bricklink.com/ItemImage/MN/0/sw0837.png
sw0838,Prowler 1000 (Droïde d'Exploration),sw,https://img.bricklink.com/ItemImage/MN/0/sw0838.png
sw0844,Boba Fett (jeune),sw,https://img.bricklink.com/ItemImage/MN/0/sw0844.png
sw0845,Jango Fett,sw,https://img.bricklink.com/ItemImage/MN/0/sw0845.png
sw0846,Obi-Wan Kenobi - version L'Attaque des Clones,sw,https://img.bricklink.com/ItemImage/MN/0/sw0846.png
sw0878,Princesse Leia - version L'Empire Contre-Attaque,sw,https://img.bricklink.com/ItemImage/MN/0/sw0878.png
sw0879,Han Solo,sw,https://img.bricklink.com/ItemImage/MN/0/sw0879.png
sw0893,Wuher,sw,https://img.bricklink.com/ItemImage/MN/0/sw0893.png
sw0896,Jawa,sw,https://img.bricklink.com/ItemImage/MN/0/sw0896.png
sw0897,Jawa,sw,https://img.bricklink.com/ItemImage/MN/0/sw0897.png
sw0898,Greedo (chasseur de primes),sw,https://img.bricklink.com/ItemImage/MN/0/sw0898.png
sw0906,Yoda,sw,https://img.bricklink.com/ItemImage/MN/0/sw0906.png
sw0909,Barris Offee,sw,https://img.bricklink.com/ItemImage/MN/0/sw0909.png
sw0910,Clone Trooper (Phase 1),sw,https://img.bricklink.com/ItemImage/MN/0/sw0910.png
sw0911,Ki-Adi-Mundi,sw,https://img.bricklink.com/ItemImage/MN/0/sw0911.png
sw0932,Pilote Rebel Jon Vander (Yellow Leader),sw,https://img.bricklink.com/ItemImage/MN/0/sw0932.png
sw0933,R2-BHD (Droïde Astromechano),sw,https://img.bricklink.com/ItemImage/MN/0/sw0933.png
sw0936,2-1B (Droïde Médical),sw,https://img.bricklink.com/ItemImage/MN/0/sw0936.png
sw0937,R5-A2 (Droïde Astromechano),sw,https://img.bricklink.com/ItemImage/MN/0/sw0937.png
sw0938,RA-7 (Droïde de Protocole),sw,https://img.bricklink.com/ItemImage/MN/0/sw0938.png
sw0943,R2-Q2 (Droïde Astromechano),sw,https://img.bricklink.com/ItemImage/MN/0/sw0943.png
sw0944,Biggs Darklighter,sw,https://img.bricklink.com/ItemImage/MN/0/sw0944.png
sw0952,Luke Skywalker (pilote rebel),sw,https://img.bricklink.com/ItemImage/MN/0/sw0952.png
sw0956,2-1B (Droïde Médical),sw,https://img.bricklink.com/ItemImage/MN/0/sw0956.png
sw0957,Luke Skywalker (version dans la cuve à Bacta),sw,https://img.bricklink.com/ItemImage/MN/0/sw0957.png
sw0958,Princesse Leia - version L'Empire Contre-Attaque,sw,https://img.bricklink.com/ItemImage/MN/0/sw0958.png
sw0959,FX-7 (Droïde Assistant Médical),sw,https://img.bricklink.com/ItemImage/MN/0/sw0959.png
sw0960,Sandtrooper,sw,https://img.bricklink.com/ItemImage/MN/0/sw0960.png
sw0961,Sandtrooper Chef d'Escadron,sw,https://img.bricklink.com/ItemImage/MN/0/sw0961.png
sw0966,Droïde Araignée Nain,sw,https://img.bricklink.com/ItemImage/MN/0/sw0966.png
sw0969,Pilote de Cloud Car,sw,https://img.bricklink.com/ItemImage/MN/0/sw0969.png
sw0970,Ugnaught,sw,https://img.bricklink.com/ItemImage/MN/0/sw0970.png
sw0971,Luke Skywalker (apprenti Jedi),sw,https://img.bricklink.com/ItemImage/MN/0/sw0971.png
sw0972,Princesse Leia - version Cité des Nuages,sw,https://img.bricklink.com/ItemImage/MN/0/sw0972.png
sw0973,Lando Calrissian,sw,https://img.bricklink.com/ItemImage/MN/0/sw0973.png
sw0974,Lobot,sw,https://img.bricklink.com/ItemImage/MN/0/sw0974.png
sw0975,Garde de Bespin,sw,https://img.bricklink.com/ItemImage/MN/0/sw0975.png
sw0976,Han Solo - version L'Empire Contre-Attaque,sw,https://img.bricklink.com/ItemImage/MN/0/sw0976.png
sw0977,Boba Fett,sw,https://img.bricklink.com/ItemImage/MN/0/sw0977.png
sw0978,Han Solo (en congélation carbonique),sw,https://img.bricklink.com/ItemImage/PN/77/87561pb01.png
sw0991,Luke Skywalker (pilote rebel),sw,https://img.bricklink.com/ItemImage/MN/0/sw0991.png
sw0994,Princesse Leia - version Un Nouvel Espoir,sw,https://img.bricklink.com/ItemImage/MN/0/sw0994.png
sw0995,Soldat de la Flotte Rebelle - homme blanc,sw,https://img.bricklink.com/ItemImage/MN/0/sw0995.png
sw0996,Droïde de Combat de Kashyyyk,sw,https://img.bricklink.com/ItemImage/MN/0/sw0996.png
sw1001,Anakin Skywalker (pilote de module),sw,https://img.bricklink.com/ItemImage/MN/0/sw1001.png
sw1002,Clone Scout Trooper du 41ème Corps d'Élite,sw,https://img.bricklink.com/ItemImage/MN/0/sw1002.png
sw1003,Commandant Gree,sw,https://img.bricklink.com/ItemImage/MN/0/sw1003.png
sw1008,Soldat Rebel de Hoth,sw,https://img.bricklink.com/ItemImage/MN/0/sw1008.png
sw1009,Snowtrooper - homme blanc,sw,https://img.bricklink.com/ItemImage/MN/0/sw1009.png
sw1014,Soldat Rebel de Hoth,sw,https://img.bricklink.com/ItemImage/MN/0/sw1014.png
sw1015,Soldat Rebel de Hoth,sw,https://img.bricklink.com/ItemImage/MN/0/sw1015.png
sw1016,Soldat Rebel de Hoth,sw,https://img.bricklink.com/ItemImage/MN/0/sw1016.png
sw1017,Droïde Sonde Impérial,sw,https://img.bricklink.com/ItemImage/MN/0/sw1017.png
sw1020,Zuckuss,sw,https://img.bricklink.com/ItemImage/MN/0/sw1020.png
sw1021,Han Solo,sw,https://img.bricklink.com/ItemImage/MN/0/sw1021.png
sw1022,Princesse Leia - minifigure exclusive (20 ans de Lego Star-Wars) version Un Nouvel Espoir avec peau jaune,sw,https://img.bricklink.com/ItemImage/MN/0/sw1022.png
sw1023,Padmé Naberrie (se faisant passer pour servante de la Reine Amidala),sw,https://img.bricklink.com/ItemImage/MN/0/sw1023.png
sw1024,Luke Skywalker (pilote rebel) - minifigure exclusive (20 ans de Lego Star-Wars) avec peau jaune,sw,https://img.bricklink.com/ItemImage/MN/0/sw1024.png
sw1025,Dak Ralter,sw,https://img.bricklink.com/ItemImage/MN/0/sw1025.png
sw1026,Soldat Rebel de Hoth,sw,https://img.bricklink.com/ItemImage/MN/0/sw1026.png
sw1027,Lando Calrissian - minifigure exclusive (20 ans de Lego Star-Wars),sw,https://img.bricklink.com/ItemImage/MN/0/sw1027.png
sw1028,Guerrier Wookie,sw,https://img.bricklink.com/ItemImage/MN/0/sw1028.png
sw1029,Dark Vador (pilote rebel) - minifigure exclusive (20 ans de Lego Star-Wars),sw,https://img.bricklink.com/ItemImage/MN/0/sw1029.png
sw1030,Droïde Araignée Nain,sw,https://img.bricklink.com/ItemImage/MN/0/sw1030.png
sw1035,Capitaine Antilles,sw,https://img.bricklink.com/ItemImage/MN/0/sw1035.png
sw1036,Princesse Leia - version Un Nouvel Espoir,sw,https://img.bricklink.com/ItemImage/MN/0/sw1036.png
sw1037,Sénateur Bail Organa,sw,https://img.bricklink.com/ItemImage/MN/0/sw1037.png
sw1043,Officier Impérial (Lieutenant),sw,https://img.bricklink.com/ItemImage/MN/0/sw1043.png
sw1044,Membre d'Équipage Impérial,sw,https://img.bricklink.com/ItemImage/MN/0/sw1044.png
sw1045,Artilleur Impérial,sw,https://img.bricklink.com/ItemImage/MN/0/sw1045.png
sw1046,Obi-Wan Kenobi (vieux) - avec capuche,sw,https://img.bricklink.com/ItemImage/MN/0/sw1046.png
sw1074,Pillard Tusken (Homme des Sables),sw,https://img.bricklink.com/ItemImage/MN/0/sw1074.png
sw1082,Obi-Wan Kenobi - version La Revanche des Siths,sw,https://img.bricklink.com/ItemImage/MN/0/sw1082.png
sw1083,Dark Vador (Anakin Skywalker),sw,https://img.bricklink.com/ItemImage/MN/0/sw1083.png
sw1084,Obi-Wan Kenobi (vieux),sw,https://img.bricklink.com/ItemImage/MN/0/sw1084.png
sw1085,R2-D2 (Droïde Astromechano),sw,https://img.bricklink.com/ItemImage/MN/0/sw1085.png
sw1086,Luke Skywalker - version Un Nouvel Espoir avec poncho,sw,https://img.bricklink.com/ItemImage/MN/0/sw1086.png
sw1092,Pilote de A-Wing,sw,https://img.bricklink.com/ItemImage/MN/0/sw1092.png
sw1093,Clone Trooper avec Jetpack de la 501ème Légion,sw,https://img.bricklink.com/ItemImage/MN/0/sw1093.png
sw1094,Clone Trooper de la 501ème Légion (Phase 2),sw,https://img.bricklink.com/ItemImage/MN/0/sw1094.png
sw1095,Anakin Skywalker (chevalier Jedi),sw,https://img.bricklink.com/ItemImage/MN/0/sw1095.png
sw1096,Ahsoka Tano,sw,https://img.bricklink.com/ItemImage/MN/0/sw1096.png
sw1097,Clone Trooper de la 332ème Compagnie de la 501ème Légion,sw,https://img.bricklink.com/ItemImage/MN/0/sw1097.png
sw1100,Clone Trooper Aéroporté du 212ème Bataillon d'Attaque (Phase 3),sw,https://img.bricklink.com/ItemImage/MN/0/sw1100.png
sw1101,Général Maximillian Veers,sw,https://img.bricklink.com/ItemImage/MN/0/sw1101.png
sw1102,Snowtrooper - homme blanc,sw,https://img.bricklink.com/ItemImage/MN/0/sw1102.png
sw1103,Snowtrooper - homme blanc,sw,https://img.bricklink.com/ItemImage/MN/0/sw1103.png
sw1104,Pilote de TB-TT - homme blanc,sw,https://img.bricklink.com/ItemImage/MN/0/sw1104.png
sw1105,Pilote de TB-TT - homme blanc,sw,https://img.bricklink.com/ItemImage/MN/0/sw1105.png
sw1106,Dark Vador - version Le Retour du Jedi avec visage souriant,sw,https://img.bricklink.com/ItemImage/MN/0/sw1106.png
sw1107,Dark Sidious (L'Empereur),sw,https://img.bricklink.com/ItemImage/MN/0/sw1107.png
sw1112,Dark Vador,sw,https://img.bricklink.com/ItemImage/MN/0/sw1112.png
sw1124,Ponda Baba,sw,https://img.bricklink.com/ItemImage/MN/0/sw1124.png
sw1125,Docteur Cornelius Evazan,sw,https://img.bricklink.com/ItemImage/MN/0/sw1125.png
sw1127,Garindan,sw,https://img.bricklink.com/ItemImage/MN/0/sw1127.png
sw1128,Momaw Nadon,sw,https://img.bricklink.com/ItemImage/MN/0/sw1128.png
sw1129,Kabe,sw,https://img.bricklink.com/ItemImage/MN/0/sw1129.png
sw1130,Hrchek Kal Fas,sw,https://img.bricklink.com/ItemImage/MN/0/sw1130.png
sw1131,Sandtrooper,sw,https://img.bricklink.com/ItemImage/MN/0/sw1131.png
sw1132,Sandtrooper Chef d'Escadron,sw,https://img.bricklink.com/ItemImage/MN/0/sw1132.png
sw1135,Le Mandalorien,sw,https://img.bricklink.com/ItemImage/MN/0/sw1135.png
sw1136,NI-L8,sw,https://img.bricklink.com/ItemImage/MN/0/sw1136.png
sw1137,Stormtrooper Impérial - homme blanc,sw,https://img.bricklink.com/ItemImage/MN/0/sw1137.png
sw1138,Pilote de Chasseur TIE - homme blanc,sw,https://img.bricklink.com/ItemImage/MN/0/sw1138.png
sw1139,Luke Skywalker (pilote rebel),sw,https://img.bricklink.com/ItemImage/MN/0/sw1139.png
sw1140,Général Jan Dodonna,sw,https://img.bricklink.com/ItemImage/MN/0/sw1140.png
sw1141,Dark Vador,sw,https://img.bricklink.com/ItemImage/MN/0/sw1141.png
sw1142,Officier Impérial,sw,https://img.bricklink.com/ItemImage/MN/0/sw1142.png
sw1146,Commandant Clone (Phase 1),sw,https://img.bricklink.com/ItemImage/MN/0/sw1146.png
sw1154,Général Maximillian Veers,sw,https://img.bricklink.com/ItemImage/MN/0/sw1154.png
sw1158,Boba Fett,sw,https://img.bricklink.com/ItemImage/MN/0/sw1158.png
sw1165,Mace Windu,sw,https://img.bricklink.com/ItemImage/MN/0/sw1165.png
sw1175,Général Maximillian Veers,sw,https://img.bricklink.com/ItemImage/MN/0/sw1175.png
sw1176,Pilote de TB-TT - femme blanche,sw,https://img.bricklink.com/ItemImage/MN/0/sw1176.png
sw1177,Commandant Snowtrooper,sw,https://img.bricklink.com/ItemImage/MN/0/sw1177.png
sw1178,Snowtrooper - femme blanche,sw,https://img.bricklink.com/ItemImage/MN/0/sw1178.png
sw1179,Snowtrooper - homme noir,sw,https://img.bricklink.com/ItemImage/MN/0/sw1179.png
sw1180,Snowtrooper - femme noire,sw,https://img.bricklink.com/ItemImage/MN/0/sw1180.png
sw1181,Snowtrooper - homme blanc,sw,https://img.bricklink.com/ItemImage/MN/0/sw1181.png
sw1182,Scout Trooper Impérial,sw,https://img.bricklink.com/ItemImage/MN/0/sw1182.png
sw1183,Pilote de TR-TT Impérial,sw,https://img.bricklink.com/ItemImage/MN/0/sw1183.png
sw1184,Chewbacca - couvert de neige,sw,https://img.bricklink.com/ItemImage/MN/0/sw1184.png
sw1185,Soldat Rebelle de Hoth,sw,https://img.bricklink.com/ItemImage/MN/0/sw1185.png
sw1186,Soldat Rebel de Hoth,sw,https://img.bricklink.com/ItemImage/MN/0/sw1186.png
sw1187,Soldat Rebel de Hoth,sw,https://img.bricklink.com/ItemImage/MN/0/sw1187.png
sw1188,Soldat Rebelle de Hoth,sw,https://img.bricklink.com/ItemImage/MN/0/sw1188.png
sw1189,Clone Trooper (Phase 1),sw,https://img.bricklink.com/ItemImage/MN/0/sw1189.png
sw1190,Droïde Sonde Impérial,sw,https://img.bricklink.com/ItemImage/MN/0/sw1190.png
sw1196,Garde Gamorréen,sw,https://img.bricklink.com/ItemImage/MN/0/sw1196.png
sw1199,Luke Skywalker (apprenti de Yoda),sw,https://img.bricklink.com/ItemImage/MN/0/sw1199.png
sw1200,R2-D2 - couvert de boue,sw,https://img.bricklink.com/ItemImage/MN/0/sw1200.png
sw1201,C-3PO (Droïde de Protocole),sw,https://img.bricklink.com/ItemImage/MN/0/sw1201.png
sw1202,R2-D2 (Droïde Astromechano),sw,https://img.bricklink.com/ItemImage/MN/0/sw1202.png
sw1203,Luke Skywalker (déguisé en Stormtrooper),sw,https://img.bricklink.com/ItemImage/MN/0/sw1203.png
sw1204,Han Solo (déguisé en Stormtrooper),sw,https://img.bricklink.com/ItemImage/MN/0/sw1204.png
sw1205,Mace Windu,sw,https://img.bricklink.com/ItemImage/MN/0/sw1205.png
sw1206,Clone Trooper de la 187ème Légion (Phase 3),sw,https://img.bricklink.com/ItemImage/MN/0/sw1206.png
sw1207,Clone Trooper de la 187ème Légion (Phase 2),sw,https://img.bricklink.com/ItemImage/MN/0/sw1207.png
sw1209,C-3PO (Droïde de Protocole),sw,https://img.bricklink.com/ItemImage/MN/0/sw1209.png
sw1216,Taun We,sw,https://img.bricklink.com/ItemImage/MN/0/sw1216.png
sw1220,Obi-Wan Kenobi - version L'Attaque des Clones,sw,https://img.bricklink.com/ItemImage/MN/0/sw1220.png
sw1221,R4-P17 (Droïde Astromechano),sw,https://img.bricklink.com/ItemImage/MN/0/sw1221.png
sw1233,Commandant Cody,sw,https://img.bricklink.com/ItemImage/MN/0/sw1233.png
sw1234,Droïde Araignée Nain,sw,https://img.bricklink.com/ItemImage/MN/0/sw1234.png
sw1235,Clone Trooper du 212ème Bataillon d'Attaque (Phase 2),sw,https://img.bricklink.com/ItemImage/MN/0/sw1235.png
sw1236,Clone Artilleur,sw,https://img.bricklink.com/ItemImage/MN/0/sw1236.png
sw1246,Officier de la 501ème,sw,https://img.bricklink.com/ItemImage/MN/0/sw1246.png
sw1247,Heavy Trooper de la 501ème,sw,https://img.bricklink.com/ItemImage/MN/0/sw1247.png
sw1248,Clone Specialiste de la 501ème,sw,https://img.bricklink.com/ItemImage/MN/0/sw1248.png
sw1249,Dark Vador,sw,https://img.bricklink.com/ItemImage/MN/0/sw1249.png
sw1250,Vice-Amirale Sloane,sw,https://img.bricklink.com/ItemImage/MN/0/sw1250.png
sw1251,Pilote de Bombardier TIE,sw,https://img.bricklink.com/ItemImage/MN/0/sw1251.png
sw1252,Droïde Gonk,sw,https://img.bricklink.com/ItemImage/MN/0/sw1252.png
sw1258,Le Mandalorien,sw,https://img.bricklink.com/ItemImage/MN/0/sw1258.png
sw1259,Commandant de la Flotte Mandalorienne - version avec chevelure,sw,https://img.bricklink.com/ItemImage/MN/0/sw1259.png
sw1260,Pilote de Chasseur TIE - femme blanche,sw,https://img.bricklink.com/ItemImage/MN/0/sw1260.png
sw1261,R2-E6 (Droïde Astromechano),sw,https://img.bricklink.com/ItemImage/MN/0/sw1261.png
sw1262,Luke Skywalker (chevalier Jedi),sw,https://img.bricklink.com/ItemImage/MN/0/sw1262.png
sw1263,Dark Sidious (L'Empereur),sw,https://img.bricklink.com/ItemImage/MN/0/sw1263.png
sw1264,Princesse Leia (commando rebelle),sw,https://img.bricklink.com/ItemImage/MN/0/sw1264.png
sw1265,Scout Trooper Impérial,sw,https://img.bricklink.com/ItemImage/MN/0/sw1265.png
sw1266,Luke Skywalker (commando rebel),sw,https://img.bricklink.com/ItemImage/MN/0/sw1266.png
sw1267,Luke Skywalker (pilote rebel),sw,https://img.bricklink.com/ItemImage/MN/0/sw1267.png
sw1273,Dark Vador,sw,https://img.bricklink.com/ItemImage/MN/0/sw1273.png
sw1274,Boba Fett,sw,https://img.bricklink.com/ItemImage/MN/0/sw1274.png
sw1275,Stormtrooper Impérial - femme blanche,sw,https://img.bricklink.com/ItemImage/MN/0/sw1275.png
sw1276,Clone Trooper de la 332ème Compagnie de la 501ème Légion - avec jetpack,sw,https://img.bricklink.com/ItemImage/MN/0/sw1276.png
sw1277,Capitaine Vaughn,sw,https://img.bricklink.com/ItemImage/MN/0/sw1277.png
sw1278,Clone Trooper de la 332ème Compagnie de la 501ème Légion,sw,https://img.bricklink.com/ItemImage/MN/0/sw1278.png
sw1279,Pilote Rebel Jon Vander (Yellow Leader),sw,https://img.bricklink.com/ItemImage/MN/0/sw1279.png
sw1280,R2-BHD (Droïde Astromechano),sw,https://img.bricklink.com/ItemImage/MN/0/sw1280.png
sw1281,Pilote Rebel Garven Dreis (Red Leader),sw,https://img.bricklink.com/ItemImage/MN/0/sw1281.png
sw1282,Princesse Leia - version de la célébration,sw,https://img.bricklink.com/ItemImage/MN/0/sw1282.png
sw1283,Luke Skywalker - médaillé,sw,https://img.bricklink.com/ItemImage/MN/0/sw1283.png
sw1284,Han Solo - médaillé,sw,https://img.bricklink.com/ItemImage/MN/0/sw1284.png
sw1285,Soldat de la Flotte Rebelle - homme blanc,sw,https://img.bricklink.com/ItemImage/MN/0/sw1285.png
sw1286,Personnel au Sol Rebelle,sw,https://img.bricklink.com/ItemImage/MN/0/sw1286.png
sw1303,Padmé Amidala (Sénatrice),sw,https://img.bricklink.com/ItemImage/MN/0/sw1303.png
sw1304,Commandant Fox,sw,https://img.bricklink.com/ItemImage/MN/0/sw1304.png
sw1305,Chock Trooper (Garde de Coruscant),sw,https://img.bricklink.com/ItemImage/MN/0/sw1305.png
sw1306,Chancelier Palpatine,sw,https://img.bricklink.com/ItemImage/MN/0/sw1306.png
sw1315,Capitaine Rex,sw,https://img.bricklink.com/ItemImage/MN/0/sw1315.png
sw1316,Amiral Wullf Yularen,sw,https://img.bricklink.com/ItemImage/MN/0/sw1316.png
sw1319,Clone Trooper (Phase 2),sw,https://img.bricklink.com/ItemImage/MN/0/sw1319.png
sw1320,Droïde de Combat - 2 bras angulaires avec mains horizontales,sw,https://img.bricklink.com/ItemImage/MN/0/sw1320.png
sw1326,Stormtrooper Impérial - femme noire,sw,https://img.bricklink.com/ItemImage/MN/0/sw1326.png
sw1327,Stormtrooper Impérial - homme blanc,sw,https://img.bricklink.com/ItemImage/MN/0/sw1327.png
sw1328,Capitaine Antilles,sw,https://img.bricklink.com/ItemImage/MN/0/sw1328.png
sw1329,ARC Trooper Fives - minifigure exclusive (25 ans de Lego Star-Wars),sw,https://img.bricklink.com/ItemImage/MN/0/sw1329.png
sw1331,Pilote de Chasseur TIE - homme blanc,sw,https://img.bricklink.com/ItemImage/MN/0/sw1331.png
sw1332,Anakin Skywalker (enfant),sw,https://img.bricklink.com/ItemImage/MN/0/sw1332.png
sw1333,Dark Maul,sw,https://img.bricklink.com/ItemImage/MN/0/sw1333.png
sw1334a,Qui-Gon Jinn - version avec poncho,sw,https://img.bricklink.com/ItemImage/MN/0/sw1334a.png
sw1338,Droïde de Combat Pilote,sw,https://img.bricklink.com/ItemImage/MN/0/sw1338.png
sw1340,Droïdeka,sw,https://img.bricklink.com/ItemImage/MN/0/sw1340.png
sw1368,Lando Calrissian (garde de Jabba),sw,https://img.bricklink.com/ItemImage/MN/0/sw1369.png
sw1370,Luke Skywalker (chevalier Jedi),sw,https://img.bricklink.com/ItemImage/MN/0/sw1370.png
sw1371,Han Solo - juste sorti de la carbonite,sw,https://img.bricklink.com/ItemImage/MN/0/sw1371.png
sw1372,Nien Nunb - minifigure exclusive (25 ans de Lego Star-Wars),sw,https://img.bricklink.com/ItemImage/MN/0/sw1372.png
sw1373,Membre d'Équipage Impérial,sw,https://img.bricklink.com/ItemImage/MN/0/sw1373.png
sw1374,Commandant Praji,sw,https://img.bricklink.com/ItemImage/MN/0/sw1374.png
sw1375,Soldat de la Marine Impériale,sw,https://img.bricklink.com/ItemImage/MN/0/sw1375.png
sw1376,Artilleuse Impériale,sw,https://img.bricklink.com/ItemImage/MN/0/sw1376.png
sw1377,Cal Kestis - minifigure exclusive (25 ans de Lego Star-Wars),sw,https://img.bricklink.com/ItemImage/MN/0/sw1377.png
sw1383,Bib Fortuna,sw,https://img.bricklink.com/ItemImage/MN/0/sw1383.png
sw1384,Wooof,sw,https://img.bricklink.com/ItemImage/MN/0/sw1384.png
sw1385,R2-D2 (au service de Jabba),sw,https://img.bricklink.com/ItemImage/MN/0/sw1385.png
sw1387,Salacious B. Crumb,sw,https://img.bricklink.com/ItemImage/MN/0/sw1387.png
sw1388,Jabba le Hutt,sw,https://img.bricklink.com/ItemImage/MN/0/sw1388.png
sw1389,Princesse Leia (esclave de Jabba),sw,https://img.bricklink.com/ItemImage/MN/0/sw1389.png
sw1390,Vizam,sw,https://img.bricklink.com/ItemImage/MN/0/sw1390.png
sw1391,Soldat de la Flotte Rebelle - homme blanc,sw,https://img.bricklink.com/ItemImage/MN/0/sw1391.png
sw1392,Soldat de la Flotte Rebelle - femme noire,sw,https://img.bricklink.com/ItemImage/MN/0/sw1392.png
sw1393,QT-KT (Droïde Astromechano) - minifigure exclusive (25 ans de Lego Star-Wars),sw,https://img.bricklink.com/ItemImage/MN/0/sw1393.png
sw1396,Ahsoka Tano - version The Clone Wars,sw,https://img.bricklink.com/ItemImage/MN/0/sw1396.png
sw1397,R7-A7 (Droïde Astromechano),sw,https://img.bricklink.com/ItemImage/MN/0/sw1397.png
sw1398,Anakin Skywalker (chevalier Jedi),sw,https://img.bricklink.com/ItemImage/MN/0/sw1398.png
sw1399,Clone Pilote Odd Ball,sw,https://img.bricklink.com/ItemImage/MN/0/sw1399.png
sw1400,R4-P44 (Droïde Astromechano),sw,https://img.bricklink.com/ItemImage/MN/0/sw1400.png
sw1401,Clone Pilote Jag,sw,https://img.bricklink.com/ItemImage/MN/0/sw1401.png
sw1402,Clone Pilote (Phase 2),sw,https://img.bricklink.com/ItemImage/MN/0/sw1402.png
sw1406,Jango Fett,sw,https://img.bricklink.com/ItemImage/MN/0/sw1406.png
sw1407,Boba Fett (jeune),sw,https://img.bricklink.com/ItemImage/MN/0/sw1407.png
sw1414,Plo Koon,sw,https://img.bricklink.com/ItemImage/MN/0/sw1414.png
sw897,Jawa,sw,https://img.bricklink.com/ItemImage/MN/0/sw0897.png